day,Users
2022-12-05,1
2022-12-07,2
2022-12-08,5
2022-12-09,1
2022-12-10,5
2022-12-11,7
2022-12-12,4
2022-12-13,6
2022-12-14,7
2022-12-15,9
2022-12-16,12
2022-12-17,10
2022-12-18,18
2022-12-19,15
2022-12-20,18
2022-12-21,12
2022-12-22,30
2022-12-23,36
2022-12-24,35
2022-12-25,36
2022-12-26,36
2022-12-27,45
2022-12-28,48
2022-12-29,66
2022-12-30,68
2022-12-31,94
2023-01-01,791
2023-01-02,1082
2023-01-03,1110
2023-01-04,1043
2023-01-05,1130
2023-01-06,1073
2023-01-07,1267
2023-01-08,1351
2023-01-09,988
2023-01-10,1016
2023-01-11,1020
2023-01-12,1013
2023-01-13,1055
2023-01-14,1268
2023-01-15,1400
2023-01-16,1024
2023-01-17,1093
2023-01-18,1051
2023-01-19,980
2023-01-20,1067
2023-01-21,1232
2023-01-22,1366
2023-01-23,1016
2023-01-24,1023
2023-01-25,1028
2023-01-26,979
2023-01-27,1014
2023-01-28,1209
2023-01-29,1311
2023-01-30,1010
2023-01-31,992
2023-02-01,1011
2023-02-02,975
2023-02-03,1029
2023-02-04,1239
2023-02-05,1310
2023-02-06,996
2023-02-07,984
2023-02-08,976
2023-02-09,972
2023-02-10,1028
2023-02-11,1187
2023-02-12,1304
2023-02-13,1005
2023-02-14,1033
2023-02-15,944
2023-02-16,979
2023-02-17,1052
2023-02-18,1177
2023-02-19,1314
2023-02-20,1021
2023-02-21,1004
2023-02-22,1022
2023-02-23,975
2023-02-24,1025
2023-02-25,1218
2023-02-26,1319
2023-02-27,1016
2023-02-28,1057
2023-03-01,1030
2023-03-02,1002
2023-03-03,1071
2023-03-04,1279
2023-03-05,1312
2023-03-06,984
2023-03-07,1009
2023-03-08,1041
2023-03-09,979
2023-03-10,1121
2023-03-11,1238
2023-03-12,1273
2023-03-13,1019
2023-03-14,1020
2023-03-15,1072
2023-03-16,1055
2023-03-17,1057
2023-03-18,1218
2023-03-19,1287
2023-03-20,981
2023-03-21,988
2023-03-22,994
2023-03-23,1020
2023-03-24,1057
2023-03-25,1170
2023-03-26,1280
2023-03-27,960
2023-03-28,983
2023-03-29,1016
2023-03-30,993
2023-03-31,1050
2023-04-01,1183
2023-04-02,1256
2023-04-03,981
2023-04-04,1075
2023-04-05,1041
2023-04-06,1013
2023-04-07,1011
2023-04-08,1126
2023-04-09,1239
2023-04-10,1006
2023-04-11,996
2023-04-12,1042
2023-04-13,997
2023-04-14,1007
2023-04-15,1105
2023-04-16,1200
2023-04-17,934
2023-04-18,923
2023-04-19,991
2023-04-20,972
2023-04-21,1039
2023-04-22,1163
2023-04-23,1198
2023-04-24,952
2023-04-25,892
2023-04-26,912
2023-04-27,986
2023-04-28,1016
2023-04-29,1218
2023-04-30,1038
2023-05-01,952
2023-05-02,937
2023-05-03,893
2023-05-04,1009
2023-05-05,965
2023-05-06,1261
2023-05-07,1010
2023-05-08,951
2023-05-09,944
2023-05-10,957
2023-05-11,1045
2023-05-12,967
2023-05-13,1260
2023-05-14,984
2023-05-15,915
2023-05-16,909
2023-05-17,972
2023-05-18,1030
2023-05-19,996
2023-05-20,1258
2023-05-21,995
2023-05-22,958
2023-05-23,926
2023-05-24,962
2023-05-25,1038
2023-05-26,941
2023-05-27,1244
2023-05-28,1049
2023-05-29,989
2023-05-30,942
2023-05-31,969
2023-06-01,1041
2023-06-02,964
2023-06-03,1232
2023-06-04,1098
2023-06-05,905
2023-06-06,917
2023-06-07,901
2023-06-08,1065
2023-06-09,914
2023-06-10,1215
2023-06-11,907
2023-06-12,929
2023-06-13,879
2023-06-14,953
2023-06-15,1023
2023-06-16,941
2023-06-17,1197
2023-06-18,928
2023-06-19,887
2023-06-20,888
2023-06-21,946
2023-06-22,982
2023-06-23,924
2023-06-24,1113
2023-06-25,878
2023-06-26,906
2023-06-27,879
2023-06-28,898
2023-06-29,1022
2023-06-30,945
2023-07-01,1161
2023-07-02,930
2023-07-03,924
2023-07-04,876
2023-07-05,879
2023-07-06,1014
2023-07-07,906
2023-07-08,1160
2023-07-09,924
2023-07-10,904
2023-07-11,831
2023-07-12,889
2023-07-13,1001
2023-07-14,938
2023-07-15,1150
2023-07-16,911
2023-07-17,882
2023-07-18,865
2023-07-19,932
2023-07-20,1012
2023-07-21,900
2023-07-22,1141
2023-07-23,941
2023-07-24,896
2023-07-25,912
2023-07-26,874
2023-07-27,1026
2023-07-28,919
2023-07-29,1181
2023-07-30,905
2023-07-31,905
2023-08-01,916
2023-08-02,876
2023-08-03,980
2023-08-04,868
2023-08-05,1078
2023-08-06,894
2023-08-07,879
2023-08-08,878
2023-08-09,852
2023-08-10,956
2023-08-11,903
2023-08-12,1181
2023-08-13,905
2023-08-14,875
2023-08-15,865
2023-08-16,847
2023-08-17,992
2023-08-18,898
2023-08-19,1170
2023-08-20,846
2023-08-21,838
2023-08-22,871
2023-08-23,844
2023-08-24,975
2023-08-25,881
2023-08-26,1120
2023-08-27,885
2023-08-28,826
2023-08-29,815
2023-08-30,818
2023-08-31,956
2023-09-01,910
2023-09-02,1142
2023-09-03,832
2023-09-04,848
2023-09-05,835
2023-09-06,825
2023-09-07,937
2023-09-08,811
2023-09-09,1055
2023-09-10,835
2023-09-11,794
2023-09-12,757
2023-09-13,772
2023-09-14,908
2023-09-15,807
2023-09-16,1077
2023-09-17,831
2023-09-18,854
2023-09-19,802
2023-09-20,843
2023-09-21,902
2023-09-22,783
2023-09-23,1067
2023-09-24,897
2023-09-25,810
2023-09-26,788
2023-09-27,830
2023-09-28,919
2023-09-29,805
2023-09-30,1070
2023-10-01,894
2023-10-02,811
2023-10-03,795
2023-10-04,812
2023-10-05,879
2023-10-06,792
2023-10-07,1061
2023-10-08,853
2023-10-09,804
2023-10-10,797
2023-10-11,781
2023-10-12,902
2023-10-13,833
2023-10-14,1041
2023-10-15,862
2023-10-16,851
2023-10-17,815
2023-10-18,812
2023-10-19,943
2023-10-20,897
2023-10-21,1112
2023-10-22,875
2023-10-23,874
2023-10-24,897
2023-10-25,842
2023-10-26,964
2023-10-27,877
2023-10-28,1094
2023-10-29,863
2023-10-30,852
2023-10-31,832
2023-11-01,790
2023-11-02,943
2023-11-03,872
2023-11-04,1068
2023-11-05,897
2023-11-06,875
2023-11-07,826
2023-11-08,799
2023-11-09,927
2023-11-10,886
2023-11-11,1095
2023-11-12,825
2023-11-13,846
2023-11-14,791
2023-11-15,772
2023-11-16,904
2023-11-17,867
2023-11-18,1033
2023-11-19,890
2023-11-20,848
2023-11-21,859
2023-11-22,891
2023-11-23,970
2023-11-24,873
2023-11-25,1128
2023-11-26,896
2023-11-27,883
2023-11-28,804
2023-11-29,845
2023-11-30,966
2023-12-01,838
2023-12-02,1107
2023-12-03,856
2023-12-04,869
2023-12-05,829
2023-12-06,819
2023-12-07,944
2023-12-08,808
2023-12-09,1072
2023-12-10,855
2023-12-11,834
2023-12-12,861
2023-12-13,848
2023-12-14,900
2023-12-15,861
2023-12-16,1090
2023-12-17,855
2023-12-18,829
2023-12-19,796
2023-12-20,835
2023-12-21,916
2023-12-22,844
2023-12-23,1059
2023-12-24,883
2023-12-25,790
2023-12-26,762
2023-12-27,803
2023-12-28,973
2023-12-29,835
2023-12-30,1069
2023-12-31,879
2024-01-01,385